subscript b,Geopotential altitude above MSL (m),Geopotential altitude above MSL (ft),Static Pressure (Pascals),Static Pressure (inHg),Standard Temperature (K),Temperature Lapse Rate (K/m),Temperature Lapse Rate (K/ft)
i,h(m),h(ft),P(Pascal),P(inHg),T(K),dT(K/m),dT(K/ft)
0,0,0,101325,29.92126,288.15,-0.0065,-0.0019812
1,11000,36089,22632.1,6.683245,216.65,0,0
2,20000,65617,5474.89,1.616734,216.65,0.001,0.0003048
3,32000,104987,868.019,0.2563258,228.65,0.0028,0.00085344
4,47000,154199,110.906,0.0327506,270.65,0,0
5,51000,167323,66.9389,0.01976704,270.65,-0.0028,-0.00085344
6,71000,232940,3.95642,0.00116833,214.65,-0.002,-0.0006096
